gwgroupid,countries_gwid,year,groupname,countryname,isactive,isrelevant,groupsize,statusid,statusname,regaut,rai_regionid,status_pwrrank,status_monopoly,status_dominant,status_senior,status_junior,status_selfexclusion,status_powerless,status_discrim,status_egip,status_excl,egip_groups_count,excl_groups_count,rlvt_groups_count,actv_groups_count,lpop,lsize,egippop,legippop,exclpop,lexclpop,discrimpop,ldiscrimpop,rbal,rlbal,downgraded1,downgraded_excl1,downgraded_regaut1,upgraded1,upgraded_excl1,upgraded_regaut1,downgraded2,downgraded_excl2,downgraded_regaut2,upgraded2,upgraded_excl2,upgraded_regaut2,downgraded5,downgraded_excl5,downgraded_regaut5,upgraded5,upgraded_excl5,upgraded_regaut5,downgraded10,downgraded_excl10,downgraded_regaut10,upgraded10,upgraded_excl10,upgraded_regaut10,downgraded_hist,downgraded_excl_hist,downgraded_regaut_hist,upgraded_hist,upgraded_excl_hist,upgraded_regaut_hist,family_downgraded1,family_downgraded_excl1,family_downgraded_regaut1,family_upgraded1,family_upgraded_excl1,family_upgraded_regaut1,family_downgraded2,family_downgraded_excl2,family_downgraded_regaut2,family_upgraded2,family_upgraded_excl2,family_upgraded_regaut2,family_downgraded5,family_downgraded_excl5,family_downgraded_regaut5,family_upgraded5,family_upgraded_excl5,family_upgraded_regaut5,family_downgraded10,family_downgraded_excl10,family_downgraded_regaut10,family_upgraded10,family_upgraded_excl10,family_upgraded_regaut10,onset_ko_flag,onset_ko_terr_flag,onset_ko_gov_flag,incidence_flag,incidence_terr_flag,incidence_gov_flag,onset_do_flag,onset_do_terr_flag,onset_do_gov_flag,family_onset_ko_flag,family_onset_ko_terr_flag,family_onset_ko_gov_flag,family_incidence_flag,family_incidence_terr_flag,family_incidence_gov_flag,warhist,warhist_terr,warhist_gov,family_warhist,family_warhist_terr,family_warhist_gov,peaceyears,peaceyears_terr,peaceyears_gov,family_peaceyears,family_peaceyears_terr,family_peaceyears_gov
34001000,340,2006,Serbs,Serbia,1,1,0.66,2,DOMINANT,NA,NA,6,0,1,0,0,0,0,0,1,0,1,7,8,8,0.94690007,0.6970113,0.66,0.6970113,0.28689998,0.30298865,0.014,0.014785088,1,1,0,0,0,0,0,0,0,0,0,0,0,0,0,0,0,0,0,0,0,0,0,0,0,0,0,0,0,0,0,0,0,0,0,0,0,0,0,0,0,0,0,0,0,0,0,0,0,0,0,0,0,0,0,0,0,0,0,0,0,0,0,0,0,0,0,0,0,0,0,0,0,0,0,0,0,0,0,0,0,0,0
34001000,340,2007,Serbs,Serbia,1,1,0.66,2,DOMINANT,NA,NA,6,0,1,0,0,0,0,0,1,0,1,7,8,8,0.94690007,0.6970113,0.66,0.6970113,0.28689998,0.30298865,0.014,0.014785088,1,1,0,0,0,0,0,0,0,0,0,0,0,0,0,0,0,0,0,0,0,0,0,0,0,0,0,0,0,0,0,0,0,0,0,0,0,0,0,0,0,0,0,0,0,0,0,0,0,0,0,0,0,0,0,0,0,0,0,0,0,0,0,0,0,0,0,0,0,0,0,0,0,0,0,0,0,1,1,1,1,1,1
34001000,340,2008,Serbs,Serbia,1,1,0.66,2,DOMINANT,NA,NA,6,0,1,0,0,0,0,0,1,0,1,7,8,8,0.94690007,0.6970113,0.66,0.6970113,0.28689998,0.30298865,0.014,0.014785088,1,1,0,0,0,0,0,0,0,0,0,0,0,0,0,0,0,0,0,0,0,0,0,0,0,0,0,0,0,0,0,0,0,0,0,0,0,0,0,0,0,0,0,0,0,0,0,0,0,0,0,0,0,0,0,0,0,0,0,0,0,0,0,0,0,0,0,0,0,0,0,0,0,0,0,0,0,2,2,2,2,2,2
34001000,340,2009,Serbs,Serbia,1,1,0.838,2,DOMINANT,NA,NA,6,0,1,0,0,0,0,0,1,0,1,7,8,8,0.92600006,0.90496755,0.838,0.90496755,0.088,0.095032394,0.004,0.0043196543,1,1,0,0,0,0,0,0,0,0,0,0,0,0,0,0,0,0,0,0,0,0,0,0,0,0,0,0,0,0,0,0,0,0,0,0,0,0,0,0,0,0,0,0,0,0,0,0,0,0,0,0,0,0,0,0,0,0,0,0,0,0,0,0,0,0,0,0,0,0,0,0,0,0,0,0,0,3,3,3,3,3,3
34001000,340,2010,Serbs,Serbia,1,1,0.838,2,DOMINANT,NA,NA,6,0,1,0,0,0,0,0,1,0,1,7,8,8,0.92600006,0.90496755,0.838,0.90496755,0.088,0.095032394,0.004,0.0043196543,1,1,0,0,0,0,0,0,0,0,0,0,0,0,0,0,0,0,0,0,0,0,0,0,0,0,0,0,0,0,0,0,0,0,0,0,0,0,0,0,0,0,0,0,0,0,0,0,0,0,0,0,0,0,0,0,0,0,0,0,0,0,0,0,0,0,0,0,0,0,0,0,0,0,0,0,0,4,4,4,4,4,4
34001000,340,2011,Serbs,Serbia,1,1,0.838,2,DOMINANT,NA,NA,6,0,1,0,0,0,0,0,1,0,1,7,8,8,0.92600006,0.90496755,0.838,0.90496755,0.088,0.095032394,0.004,0.0043196543,1,1,0,0,0,0,0,0,0,0,0,0,0,0,0,0,0,0,0,0,0,0,0,0,0,0,0,0,0,0,0,0,0,0,0,0,0,0,0,0,0,0,0,0,0,0,0,0,0,0,0,0,0,0,0,0,0,0,0,0,0,0,0,0,0,0,0,0,0,0,0,0,0,0,0,0,0,5,5,5,5,5,5
34001000,340,2012,Serbs,Serbia,1,1,0.838,2,DOMINANT,NA,NA,6,0,1,0,0,0,0,0,1,0,1,7,8,8,0.92600006,0.90496755,0.838,0.90496755,0.088,0.095032394,0.004,0.0043196543,1,1,0,0,0,0,0,0,0,0,0,0,0,0,0,0,0,0,0,0,0,0,0,0,0,0,0,0,0,0,0,0,0,0,0,0,0,0,0,0,0,0,0,0,0,0,0,0,0,0,0,0,0,0,0,0,0,0,0,0,0,0,0,0,0,0,0,0,0,0,0,0,0,0,0,0,0,6,6,6,6,6,6
34001000,340,2013,Serbs,Serbia,1,1,0.838,2,DOMINANT,NA,NA,6,0,1,0,0,0,0,0,1,0,1,7,8,8,0.92600006,0.90496755,0.838,0.90496755,0.088,0.095032394,0.004,0.0043196543,1,1,0,0,0,0,0,0,0,0,0,0,0,0,0,0,0,0,0,0,0,0,0,0,0,0,0,0,0,0,0,0,0,0,0,0,0,0,0,0,0,0,0,0,0,0,0,0,0,0,0,0,0,0,0,0,0,0,0,0,0,0,0,0,0,0,0,0,0,0,0,0,0,0,0,0,0,7,7,7,7,7,7
34001000,340,2014,Serbs,Serbia,1,1,0.838,2,DOMINANT,NA,NA,6,0,1,0,0,0,0,0,1,0,1,7,8,8,0.92600006,0.90496755,0.838,0.90496755,0.088,0.095032394,0.004,0.0043196543,1,1,0,0,0,0,0,0,0,0,0,0,0,0,0,0,0,0,0,0,0,0,0,0,0,0,0,0,0,0,0,0,0,0,0,0,0,0,0,0,0,0,0,0,0,0,0,0,0,0,0,0,0,0,0,0,0,0,0,0,0,0,0,0,0,0,0,0,0,0,0,0,0,0,0,0,0,8,8,8,8,8,8
34001000,340,2015,Serbs,Serbia,1,1,0.838,2,DOMINANT,NA,NA,6,0,1,0,0,0,0,0,1,0,1,7,8,8,0.92600006,0.90496755,0.838,0.90496755,0.088,0.095032394,0.004,0.0043196543,1,1,0,0,0,0,0,0,0,0,0,0,0,0,0,0,0,0,0,0,0,0,0,0,0,0,0,0,0,0,0,0,0,0,0,0,0,0,0,0,0,0,0,0,0,0,0,0,0,0,0,0,0,0,0,0,0,0,0,0,0,0,0,0,0,0,0,0,0,0,0,0,0,0,0,0,0,9,9,9,9,9,9
34001000,340,2016,Serbs,Serbia,1,1,0.838,2,DOMINANT,NA,NA,6,0,1,0,0,0,0,0,1,0,1,7,8,8,0.92600006,0.90496755,0.838,0.90496755,0.088,0.095032394,0.004,0.0043196543,1,1,0,0,0,0,0,0,0,0,0,0,0,0,0,0,0,0,0,0,0,0,0,0,0,0,0,0,0,0,0,0,0,0,0,0,0,0,0,0,0,0,0,0,0,0,0,0,0,0,0,0,0,0,0,0,0,0,0,0,0,0,0,0,0,0,0,0,0,0,0,0,0,0,0,0,0,10,10,10,10,10,10
34001000,340,2017,Serbs,Serbia,1,1,0.838,2,DOMINANT,NA,NA,6,0,1,0,0,0,0,0,1,0,1,7,8,8,0.92600006,0.90496755,0.838,0.90496755,0.088,0.095032394,0.004,0.0043196543,1,1,0,0,0,0,0,0,0,0,0,0,0,0,0,0,0,0,0,0,0,0,0,0,0,0,0,0,0,0,0,0,0,0,0,0,0,0,0,0,0,0,0,0,0,0,0,0,0,0,0,0,0,0,0,0,0,0,0,0,0,0,0,0,0,0,0,0,0,0,0,0,0,0,0,0,0,11,11,11,11,11,11
34001000,340,2018,Serbs,Serbia,1,1,0.838,2,DOMINANT,NA,NA,6,0,1,0,0,0,0,0,1,0,1,7,8,8,0.92600006,0.90496755,0.838,0.90496755,0.088,0.095032394,0.004,0.0043196543,1,1,0,0,0,0,0,0,0,0,0,0,0,0,0,0,0,0,0,0,0,0,0,0,0,0,0,0,0,0,0,0,0,0,0,0,0,0,0,0,0,0,0,0,0,0,0,0,0,0,0,0,0,0,0,0,0,0,0,0,0,0,0,0,0,0,0,0,0,0,0,0,0,0,0,0,0,12,12,12,12,12,12
34001000,340,2019,Serbs,Serbia,1,1,0.838,2,DOMINANT,NA,NA,6,0,1,0,0,0,0,0,1,0,1,7,8,8,0.92600006,0.90496755,0.838,0.90496755,0.088,0.095032394,0.004,0.0043196543,1,1,0,0,0,0,0,0,0,0,0,0,0,0,0,0,0,0,0,0,0,0,0,0,0,0,0,0,0,0,0,0,0,0,0,0,0,0,0,0,0,0,0,0,0,0,0,0,0,0,0,0,0,0,0,0,0,0,0,0,0,0,0,0,0,0,0,0,0,0,0,0,0,0,0,0,0,13,13,13,13,13,13
34001000,340,2020,Serbs,Serbia,1,1,0.838,2,DOMINANT,NA,NA,6,0,1,0,0,0,0,0,1,0,1,7,8,8,0.92600006,0.90496755,0.838,0.90496755,0.088,0.095032394,0.004,0.0043196543,1,1,0,0,0,0,0,0,0,0,0,0,0,0,0,0,0,0,0,0,0,0,0,0,0,0,0,0,0,0,0,0,0,0,0,0,0,0,0,0,0,0,0,0,0,0,0,0,0,0,0,0,0,0,0,0,0,0,0,0,0,0,0,0,0,0,0,0,0,0,0,0,0,0,0,0,0,14,14,14,14,14,14
34002000,340,2006,Croats,Serbia,1,1,0.007,7,POWERLESS,0,NA,2,0,0,0,0,0,1,0,0,1,1,7,8,8,0.94690007,0.007392544,0.66,0.6970113,0.28689998,0.30298865,0.014,0.014785088,0.010494752,0.010494753,0,0,0,0,0,0,0,0,0,0,0,0,0,0,0,0,0,0,0,0,0,0,0,0,0,0,0,0,0,0,0,0,0,0,0,0,0,0,0,0,0,0,0,0,0,0,0,0,0,0,0,0,0,0,0,0,0,0,0,0,0,0,0,0,0,0,0,0,0,0,0,0,0,0,0,0,0,0,0,0,0
34002000,340,2007,Croats,Serbia,1,1,0.007,7,POWERLESS,0,NA,2,0,0,0,0,0,1,0,0,1,1,7,8,8,0.94690007,0.007392544,0.66,0.6970113,0.28689998,0.30298865,0.014,0.014785088,0.010494752,0.010494753,0,0,0,0,0,0,0,0,0,0,0,0,0,0,0,0,0,0,0,0,0,0,0,0,0,0,0,0,0,0,0,0,0,0,0,0,0,0,0,0,0,0,0,0,0,0,0,0,0,0,0,0,0,0,0,0,0,0,0,0,0,0,0,0,0,0,0,0,0,0,0,0,0,0,0,1,1,1,1,1,1
34002000,340,2008,Croats,Serbia,1,1,0.007,7,POWERLESS,0,NA,2,0,0,0,0,0,1,0,0,1,1,7,8,8,0.94690007,0.007392544,0.66,0.6970113,0.28689998,0.30298865,0.014,0.014785088,0.010494752,0.010494753,0,0,0,0,0,0,0,0,0,0,0,0,0,0,0,0,0,0,0,0,0,0,0,0,0,0,0,0,0,0,0,0,0,0,0,0,0,0,0,0,0,0,0,0,0,0,0,0,0,0,0,0,0,0,0,0,0,0,0,0,0,0,0,0,0,0,0,0,0,0,0,0,0,0,0,2,2,2,2,2,2
34002000,340,2009,Croats,Serbia,1,1,0.008,7,POWERLESS,0,NA,2,0,0,0,0,0,1,0,0,1,1,7,8,8,0.92600006,0.008639309,0.838,0.90496755,0.088,0.095032394,0.004,0.0043196543,0.009456265,0.009456265,0,0,0,0,0,0,0,0,0,0,0,0,0,0,0,0,0,0,0,0,0,0,0,0,0,0,0,0,0,0,0,0,0,0,0,0,0,0,0,0,0,0,0,0,0,0,0,0,0,0,0,0,0,0,0,0,0,0,0,0,0,0,0,0,0,0,0,0,0,0,0,0,0,0,0,3,3,3,3,3,3
34002000,340,2010,Croats,Serbia,1,1,0.008,7,POWERLESS,0,NA,2,0,0,0,0,0,1,0,0,1,1,7,8,8,0.92600006,0.008639309,0.838,0.90496755,0.088,0.095032394,0.004,0.0043196543,0.009456265,0.009456265,0,0,0,0,0,0,0,0,0,0,0,0,0,0,0,0,0,0,0,0,0,0,0,0,0,0,0,0,0,0,0,0,0,0,0,0,0,0,0,0,0,0,0,0,0,0,0,0,0,0,0,0,0,0,0,0,0,0,0,0,0,0,0,0,0,0,0,0,0,0,0,0,0,0,0,4,4,4,4,4,4
34002000,340,2011,Croats,Serbia,1,1,0.008,7,POWERLESS,0,NA,2,0,0,0,0,0,1,0,0,1,1,7,8,8,0.92600006,0.008639309,0.838,0.90496755,0.088,0.095032394,0.004,0.0043196543,0.009456265,0.009456265,0,0,0,0,0,0,0,0,0,0,0,0,0,0,0,0,0,0,0,0,0,0,0,0,0,0,0,0,0,0,0,0,0,0,0,0,0,0,0,0,0,0,0,0,0,0,0,0,0,0,0,0,0,0,0,0,0,0,0,0,0,0,0,0,0,0,0,0,0,0,0,0,0,0,0,5,5,5,5,5,5
34002000,340,2012,Croats,Serbia,1,1,0.008,7,POWERLESS,0,NA,2,0,0,0,0,0,1,0,0,1,1,7,8,8,0.92600006,0.008639309,0.838,0.90496755,0.088,0.095032394,0.004,0.0043196543,0.009456265,0.009456265,0,0,0,0,0,0,0,0,0,0,0,0,0,0,0,0,0,0,0,0,0,0,0,0,0,0,0,0,0,0,0,0,0,0,0,0,0,0,0,0,0,0,0,0,0,0,0,0,0,0,0,0,0,0,0,0,0,0,0,0,0,0,0,0,0,0,0,0,0,0,0,0,0,0,0,6,6,6,6,6,6
34002000,340,2013,Croats,Serbia,1,1,0.008,7,POWERLESS,0,NA,2,0,0,0,0,0,1,0,0,1,1,7,8,8,0.92600006,0.008639309,0.838,0.90496755,0.088,0.095032394,0.004,0.0043196543,0.009456265,0.009456265,0,0,0,0,0,0,0,0,0,0,0,0,0,0,0,0,0,0,0,0,0,0,0,0,0,0,0,0,0,0,0,0,0,0,0,0,0,0,0,0,0,0,0,0,0,0,0,0,0,0,0,0,0,0,0,0,0,0,0,0,0,0,0,0,0,0,0,0,0,0,0,0,0,0,0,7,7,7,7,7,7
34002000,340,2014,Croats,Serbia,1,1,0.008,7,POWERLESS,0,NA,2,0,0,0,0,0,1,0,0,1,1,7,8,8,0.92600006,0.008639309,0.838,0.90496755,0.088,0.095032394,0.004,0.0043196543,0.009456265,0.009456265,0,0,0,0,0,0,0,0,0,0,0,0,0,0,0,0,0,0,0,0,0,0,0,0,0,0,0,0,0,0,0,0,0,0,0,0,0,0,0,0,0,0,0,0,0,0,0,0,0,0,0,0,0,0,0,0,0,0,0,0,0,0,0,0,0,0,0,0,0,0,0,0,0,0,0,8,8,8,8,8,8
34002000,340,2015,Croats,Serbia,1,1,0.008,7,POWERLESS,0,NA,2,0,0,0,0,0,1,0,0,1,1,7,8,8,0.92600006,0.008639309,0.838,0.90496755,0.088,0.095032394,0.004,0.0043196543,0.009456265,0.009456265,0,0,0,0,0,0,0,0,0,0,0,0,0,0,0,0,0,0,0,0,0,0,0,0,0,0,0,0,0,0,0,0,0,0,0,0,0,0,0,0,0,0,0,0,0,0,0,0,0,0,0,0,0,0,0,0,0,0,0,0,0,0,0,0,0,0,0,0,0,0,0,0,0,0,0,9,9,9,9,9,9
34002000,340,2016,Croats,Serbia,1,1,0.008,7,POWERLESS,0,NA,2,0,0,0,0,0,1,0,0,1,1,7,8,8,0.92600006,0.008639309,0.838,0.90496755,0.088,0.095032394,0.004,0.0043196543,0.009456265,0.009456265,0,0,0,0,0,0,0,0,0,0,0,0,0,0,0,0,0,0,0,0,0,0,0,0,0,0,0,0,0,0,0,0,0,0,0,0,0,0,0,0,0,0,0,0,0,0,0,0,0,0,0,0,0,0,0,0,0,0,0,0,0,0,0,0,0,0,0,0,0,0,0,0,0,0,0,10,10,10,10,10,10
34002000,340,2017,Croats,Serbia,1,1,0.008,7,POWERLESS,0,NA,2,0,0,0,0,0,1,0,0,1,1,7,8,8,0.92600006,0.008639309,0.838,0.90496755,0.088,0.095032394,0.004,0.0043196543,0.009456265,0.009456265,0,0,0,0,0,0,0,0,0,0,0,0,0,0,0,0,0,0,0,0,0,0,0,0,0,0,0,0,0,0,0,0,0,0,0,0,0,0,0,0,0,0,0,0,0,0,0,0,0,0,0,0,0,0,0,0,0,0,0,0,0,0,0,0,0,0,0,0,0,0,0,0,0,0,0,11,11,11,11,11,11
34002000,340,2018,Croats,Serbia,1,1,0.008,7,POWERLESS,0,NA,2,0,0,0,0,0,1,0,0,1,1,7,8,8,0.92600006,0.008639309,0.838,0.90496755,0.088,0.095032394,0.004,0.0043196543,0.009456265,0.009456265,0,0,0,0,0,0,0,0,0,0,0,0,0,0,0,0,0,0,0,0,0,0,0,0,0,0,0,0,0,0,0,0,0,0,0,0,0,0,0,0,0,0,0,0,0,0,0,0,0,0,0,0,0,0,0,0,0,0,0,0,0,0,0,0,0,0,0,0,0,0,0,0,0,0,0,12,12,12,12,12,12
34002000,340,2019,Croats,Serbia,1,1,0.008,7,POWERLESS,0,NA,2,0,0,0,0,0,1,0,0,1,1,7,8,8,0.92600006,0.008639309,0.838,0.90496755,0.088,0.095032394,0.004,0.0043196543,0.009456265,0.009456265,0,0,0,0,0,0,0,0,0,0,0,0,0,0,0,0,0,0,0,0,0,0,0,0,0,0,0,0,0,0,0,0,0,0,0,0,0,0,0,0,0,0,0,0,0,0,0,0,0,0,0,0,0,0,0,0,0,0,0,0,0,0,0,0,0,0,0,0,0,0,0,0,0,0,0,13,13,13,13,13,13
34002000,340,2020,Croats,Serbia,1,1,0.008,7,POWERLESS,0,NA,2,0,0,0,0,0,1,0,0,1,1,7,8,8,0.92600006,0.008639309,0.838,0.90496755,0.088,0.095032394,0.004,0.0043196543,0.009456265,0.009456265,0,0,0,0,0,0,0,0,0,0,0,0,0,0,0,0,0,0,0,0,0,0,0,0,0,0,0,0,0,0,0,0,0,0,0,0,0,0,0,0,0,0,0,0,0,0,0,0,0,0,0,0,0,0,0,0,0,0,0,0,0,0,0,0,0,0,0,0,0,0,0,0,0,0,0,14,14,14,14,14,14
34004000,340,2006,Bosniak/Muslims,Serbia,1,1,0.014,7,POWERLESS,0,NA,2,0,0,0,0,0,1,0,0,1,1,7,8,8,0.94690007,0.014785088,0.66,0.6970113,0.28689998,0.30298865,0.014,0.014785088,0.020771513,0.020771513,0,0,0,0,0,0,0,0,0,0,0,0,0,0,0,0,0,0,0,0,0,0,0,0,0,0,0,0,0,0,0,0,0,0,0,0,0,0,0,0,0,0,0,0,0,0,0,0,0,0,0,0,0,0,0,0,0,0,0,0,0,0,0,0,0,0,0,0,0,0,0,0,0,0,0,0,0,0,0,0,0
34004000,340,2007,Bosniak/Muslims,Serbia,1,1,0.014,7,POWERLESS,0,NA,2,0,0,0,0,0,1,0,0,1,1,7,8,8,0.94690007,0.014785088,0.66,0.6970113,0.28689998,0.30298865,0.014,0.014785088,0.020771513,0.020771513,0,0,0,0,0,0,0,0,0,0,0,0,0,0,0,0,0,0,0,0,0,0,0,0,0,0,0,0,0,0,0,0,0,0,0,0,0,0,0,0,0,0,0,0,0,0,0,0,0,0,0,0,0,0,0,0,0,0,0,0,0,0,0,0,0,0,0,0,0,0,0,0,0,0,0,1,1,1,1,1,1
34004000,340,2008,Bosniak/Muslims,Serbia,1,1,0.014,7,POWERLESS,0,NA,2,0,0,0,0,0,1,0,0,1,1,7,8,8,0.94690007,0.014785088,0.66,0.6970113,0.28689998,0.30298865,0.014,0.014785088,0.020771513,0.020771513,0,0,0,0,0,0,0,0,0,0,0,0,0,0,0,0,0,0,0,0,0,0,0,0,0,0,0,0,0,0,0,0,0,0,0,0,0,0,0,0,0,0,0,0,0,0,0,0,0,0,0,0,0,0,0,0,0,0,0,0,0,0,0,0,0,0,0,0,0,0,0,0,0,0,0,2,2,2,2,2,2
34004000,340,2009,Bosniak/Muslims,Serbia,1,1,0.023,7,POWERLESS,0,NA,2,0,0,0,0,0,1,0,0,1,1,7,8,8,0.92600006,0.024838012,0.838,0.90496755,0.088,0.095032394,0.004,0.0043196543,0.026713124,0.026713124,0,0,0,0,0,0,0,0,0,0,0,0,0,0,0,0,0,0,0,0,0,0,0,0,0,0,0,0,0,0,0,0,0,0,0,0,0,0,0,0,0,0,0,0,0,0,0,0,0,0,0,0,0,0,0,0,0,0,0,0,0,0,0,0,0,0,0,0,0,0,0,0,0,0,0,3,3,3,3,3,3
34004000,340,2010,Bosniak/Muslims,Serbia,1,1,0.023,7,POWERLESS,0,NA,2,0,0,0,0,0,1,0,0,1,1,7,8,8,0.92600006,0.024838012,0.838,0.90496755,0.088,0.095032394,0.004,0.0043196543,0.026713124,0.026713124,0,0,0,0,0,0,0,0,0,0,0,0,0,0,0,0,0,0,0,0,0,0,0,0,0,0,0,0,0,0,0,0,0,0,0,0,0,0,0,0,0,0,0,0,0,0,0,0,0,0,0,0,0,0,0,0,0,0,0,0,0,0,0,0,0,0,0,0,0,0,0,0,0,0,0,4,4,4,4,4,4
34004000,340,2011,Bosniak/Muslims,Serbia,1,1,0.023,7,POWERLESS,0,NA,2,0,0,0,0,0,1,0,0,1,1,7,8,8,0.92600006,0.024838012,0.838,0.90496755,0.088,0.095032394,0.004,0.0043196543,0.026713124,0.026713124,0,0,0,0,0,0,0,0,0,0,0,0,0,0,0,0,0,0,0,0,0,0,0,0,0,0,0,0,0,0,0,0,0,0,0,0,0,0,0,0,0,0,0,0,0,0,0,0,0,0,0,0,0,0,0,0,0,0,0,0,0,0,0,0,0,0,0,0,0,0,0,0,0,0,0,5,5,5,5,5,5
34004000,340,2012,Bosniak/Muslims,Serbia,1,1,0.023,7,POWERLESS,0,NA,2,0,0,0,0,0,1,0,0,1,1,7,8,8,0.92600006,0.024838012,0.838,0.90496755,0.088,0.095032394,0.004,0.0043196543,0.026713124,0.026713124,0,0,0,0,0,0,0,0,0,0,0,0,0,0,0,0,0,0,0,0,0,0,0,0,0,0,0,0,0,0,0,0,0,0,0,0,0,0,0,0,0,0,0,0,0,0,0,0,0,0,0,0,0,0,0,0,0,0,0,0,0,0,0,0,0,0,0,0,0,0,0,0,0,0,0,6,6,6,6,6,6
34004000,340,2013,Bosniak/Muslims,Serbia,1,1,0.023,7,POWERLESS,0,NA,2,0,0,0,0,0,1,0,0,1,1,7,8,8,0.92600006,0.024838012,0.838,0.90496755,0.088,0.095032394,0.004,0.0043196543,0.026713124,0.026713124,0,0,0,0,0,0,0,0,0,0,0,0,0,0,0,0,0,0,0,0,0,0,0,0,0,0,0,0,0,0,0,0,0,0,0,0,0,0,0,0,0,0,0,0,0,0,0,0,0,0,0,0,0,0,0,0,0,0,0,0,0,0,0,0,0,0,0,0,0,0,0,0,0,0,0,7,7,7,7,7,7
34004000,340,2014,Bosniak/Muslims,Serbia,1,1,0.023,7,POWERLESS,0,NA,2,0,0,0,0,0,1,0,0,1,1,7,8,8,0.92600006,0.024838012,0.838,0.90496755,0.088,0.095032394,0.004,0.0043196543,0.026713124,0.026713124,0,0,0,0,0,0,0,0,0,0,0,0,0,0,0,0,0,0,0,0,0,0,0,0,0,0,0,0,0,0,0,0,0,0,0,0,0,0,0,0,0,0,0,0,0,0,0,0,0,0,0,0,0,0,0,0,0,0,0,0,0,0,0,0,0,0,0,0,0,0,0,0,0,0,0,8,8,8,8,8,8
34004000,340,2015,Bosniak/Muslims,Serbia,1,1,0.023,7,POWERLESS,0,NA,2,0,0,0,0,0,1,0,0,1,1,7,8,8,0.92600006,0.024838012,0.838,0.90496755,0.088,0.095032394,0.004,0.0043196543,0.026713124,0.026713124,0,0,0,0,0,0,0,0,0,0,0,0,0,0,0,0,0,0,0,0,0,0,0,0,0,0,0,0,0,0,0,0,0,0,0,0,0,0,0,0,0,0,0,0,0,0,0,0,0,0,0,0,0,0,0,0,0,0,0,0,0,0,0,0,0,0,0,0,0,0,0,0,0,0,0,9,9,9,9,9,9
34004000,340,2016,Bosniak/Muslims,Serbia,1,1,0.023,7,POWERLESS,0,NA,2,0,0,0,0,0,1,0,0,1,1,7,8,8,0.92600006,0.024838012,0.838,0.90496755,0.088,0.095032394,0.004,0.0043196543,0.026713124,0.026713124,0,0,0,0,0,0,0,0,0,0,0,0,0,0,0,0,0,0,0,0,0,0,0,0,0,0,0,0,0,0,0,0,0,0,0,0,0,0,0,0,0,0,0,0,0,0,0,0,0,0,0,0,0,0,0,0,0,0,0,0,0,0,0,0,0,0,0,0,0,0,0,0,0,0,0,10,10,10,10,10,10
34004000,340,2017,Bosniak/Muslims,Serbia,1,1,0.023,7,POWERLESS,0,NA,2,0,0,0,0,0,1,0,0,1,1,7,8,8,0.92600006,0.024838012,0.838,0.90496755,0.088,0.095032394,0.004,0.0043196543,0.026713124,0.026713124,0,0,0,0,0,0,0,0,0,0,0,0,0,0,0,0,0,0,0,0,0,0,0,0,0,0,0,0,0,0,0,0,0,0,0,0,0,0,0,0,0,0,0,0,0,0,0,0,0,0,0,0,0,0,0,0,0,0,0,0,0,0,0,0,0,0,0,0,0,0,0,0,0,0,0,11,11,11,11,11,11
34004000,340,2018,Bosniak/Muslims,Serbia,1,1,0.023,7,POWERLESS,0,NA,2,0,0,0,0,0,1,0,0,1,1,7,8,8,0.92600006,0.024838012,0.838,0.90496755,0.088,0.095032394,0.004,0.0043196543,0.026713124,0.026713124,0,0,0,0,0,0,0,0,0,0,0,0,0,0,0,0,0,0,0,0,0,0,0,0,0,0,0,0,0,0,0,0,0,0,0,0,0,0,0,0,0,0,0,0,0,0,0,0,0,0,0,0,0,0,0,0,0,0,0,0,0,0,0,0,0,0,0,0,0,0,0,0,0,0,0,12,12,12,12,12,12
34004000,340,2019,Bosniak/Muslims,Serbia,1,1,0.023,7,POWERLESS,0,NA,2,0,0,0,0,0,1,0,0,1,1,7,8,8,0.92600006,0.024838012,0.838,0.90496755,0.088,0.095032394,0.004,0.0043196543,0.026713124,0.026713124,0,0,0,0,0,0,0,0,0,0,0,0,0,0,0,0,0,0,0,0,0,0,0,0,0,0,0,0,0,0,0,0,0,0,0,0,0,0,0,0,0,0,0,0,0,0,0,0,0,0,0,0,0,0,0,0,0,0,0,0,0,0,0,0,0,0,0,0,0,0,0,0,0,0,0,13,13,13,13,13,13
34004000,340,2020,Bosniak/Muslims,Serbia,1,1,0.023,7,POWERLESS,0,NA,2,0,0,0,0,0,1,0,0,1,1,7,8,8,0.92600006,0.024838012,0.838,0.90496755,0.088,0.095032394,0.004,0.0043196543,0.026713124,0.026713124,0,0,0,0,0,0,0,0,0,0,0,0,0,0,0,0,0,0,0,0,0,0,0,0,0,0,0,0,0,0,0,0,0,0,0,0,0,0,0,0,0,0,0,0,0,0,0,0,0,0,0,0,0,0,0,0,0,0,0,0,0,0,0,0,0,0,0,0,0,0,0,0,0,0,0,14,14,14,14,14,14
34006000,340,2006,Albanians,Serbia,1,1,0.21,5,SELF-EXCLUSION,1,NA,3,0,0,0,0,1,0,0,0,1,1,7,8,8,0.94690007,0.2217763,0.66,0.6970113,0.28689998,0.30298865,0.014,0.014785088,0.2413793,0.2413793,0,0,0,0,0,0,0,0,0,0,0,0,0,0,0,0,0,0,0,0,0,0,0,0,0,0,0,0,0,0,0,0,0,0,0,0,0,0,0,0,0,0,0,0,0,0,0,0,0,0,0,0,0,0,0,0,0,0,0,0,0,0,0,0,0,0,0,0,0,0,0,0,0,0,0,0,0,0,0,0,0
34006000,340,2007,Albanians,Serbia,1,1,0.21,5,SELF-EXCLUSION,1,NA,3,0,0,0,0,1,0,0,0,1,1,7,8,8,0.94690007,0.2217763,0.66,0.6970113,0.28689998,0.30298865,0.014,0.014785088,0.2413793,0.2413793,0,0,0,0,0,0,0,0,0,0,0,0,0,0,0,0,0,0,0,0,0,0,0,0,0,0,0,0,0,0,0,0,0,0,0,0,0,0,0,0,0,0,0,0,0,0,0,0,0,0,0,0,0,0,0,0,0,0,0,0,0,0,0,0,0,0,0,0,0,0,0,0,0,0,0,1,1,1,1,1,1
34006000,340,2008,Albanians,Serbia,1,1,0.21,5,SELF-EXCLUSION,1,NA,3,0,0,0,0,1,0,0,0,1,1,7,8,8,0.94690007,0.2217763,0.66,0.6970113,0.28689998,0.30298865,0.014,0.014785088,0.2413793,0.2413793,0,0,0,0,0,0,0,0,0,0,0,0,0,0,0,0,0,0,0,0,0,0,0,0,0,0,0,0,0,0,0,0,0,0,0,0,0,0,0,0,0,0,0,0,0,0,0,0,0,0,0,0,0,0,0,0,0,0,0,0,0,0,0,0,0,0,0,0,0,0,0,0,0,0,0,2,2,2,2,2,2
34006000,340,2009,Albanians,Serbia,1,1,0.008,7,POWERLESS,0,NA,2,0,0,0,0,0,1,0,0,1,1,7,8,8,0.92600006,0.008639309,0.838,0.90496755,0.088,0.095032394,0.004,0.0043196543,0.009456265,0.009456265,1,0,1,0,0,0,1,0,1,0,0,0,1,0,1,0,0,0,1,0,1,0,0,0,1,0,1,0,0,0,1,0,1,0,0,0,1,0,1,0,0,0,1,0,1,0,0,0,1,0,1,0,0,0,0,0,0,0,0,0,0,0,0,0,0,0,0,0,0,0,0,0,0,0,0,3,3,3,3,3,3
34006000,340,2010,Albanians,Serbia,1,1,0.008,7,POWERLESS,0,NA,2,0,0,0,0,0,1,0,0,1,1,7,8,8,0.92600006,0.008639309,0.838,0.90496755,0.088,0.095032394,0.004,0.0043196543,0.009456265,0.009456265,0,0,0,0,0,0,1,0,1,0,0,0,1,0,1,0,0,0,1,0,1,0,0,0,1,0,1,0,0,0,0,0,0,0,0,0,1,0,1,0,0,0,1,0,1,0,0,0,1,0,1,0,0,0,0,0,0,0,0,0,0,0,0,0,0,0,0,0,0,0,0,0,0,0,0,4,4,4,4,4,4
34006000,340,2011,Albanians,Serbia,1,1,0.008,7,POWERLESS,0,NA,2,0,0,0,0,0,1,0,0,1,1,7,8,8,0.92600006,0.008639309,0.838,0.90496755,0.088,0.095032394,0.004,0.0043196543,0.009456265,0.009456265,0,0,0,0,0,0,0,0,0,0,0,0,1,0,1,0,0,0,1,0,1,0,0,0,1,0,1,0,0,0,0,0,0,0,0,0,0,0,0,0,0,0,1,0,1,0,0,0,1,0,1,0,0,0,0,0,0,0,0,0,0,0,0,0,0,0,0,0,0,0,0,0,0,0,0,5,5,5,5,5,5
34006000,340,2012,Albanians,Serbia,1,1,0.008,7,POWERLESS,0,NA,2,0,0,0,0,0,1,0,0,1,1,7,8,8,0.92600006,0.008639309,0.838,0.90496755,0.088,0.095032394,0.004,0.0043196543,0.009456265,0.009456265,0,0,0,0,0,0,0,0,0,0,0,0,1,0,1,0,0,0,1,0,1,0,0,0,1,0,1,0,0,0,0,0,0,0,0,0,0,0,0,0,0,0,1,0,1,0,0,0,1,0,1,0,0,0,0,0,0,0,0,0,0,0,0,0,0,0,0,0,0,0,0,0,0,0,0,6,6,6,6,6,6
34006000,340,2013,Albanians,Serbia,1,1,0.008,7,POWERLESS,0,NA,2,0,0,0,0,0,1,0,0,1,1,7,8,8,0.92600006,0.008639309,0.838,0.90496755,0.088,0.095032394,0.004,0.0043196543,0.009456265,0.009456265,0,0,0,0,0,0,0,0,0,0,0,0,1,0,1,0,0,0,1,0,1,0,0,0,1,0,1,0,0,0,0,0,0,0,0,0,0,0,0,0,0,0,1,0,1,0,0,0,1,0,1,0,0,0,0,0,0,0,0,0,0,0,0,0,0,0,0,0,0,0,0,0,0,0,0,7,7,7,7,7,7
34006000,340,2014,Albanians,Serbia,1,1,0.008,7,POWERLESS,0,NA,2,0,0,0,0,0,1,0,0,1,1,7,8,8,0.92600006,0.008639309,0.838,0.90496755,0.088,0.095032394,0.004,0.0043196543,0.009456265,0.009456265,0,0,0,0,0,0,0,0,0,0,0,0,0,0,0,0,0,0,1,0,1,0,0,0,1,0,1,0,0,0,0,0,0,0,0,0,0,0,0,0,0,0,0,0,0,0,0,0,1,0,1,0,0,0,0,0,0,0,0,0,0,0,0,0,0,0,0,0,0,0,0,0,0,0,0,8,8,8,8,8,8
34006000,340,2015,Albanians,Serbia,1,1,0.008,7,POWERLESS,0,NA,2,0,0,0,0,0,1,0,0,1,1,7,8,8,0.92600006,0.008639309,0.838,0.90496755,0.088,0.095032394,0.004,0.0043196543,0.009456265,0.009456265,0,0,0,0,0,0,0,0,0,0,0,0,0,0,0,0,0,0,1,0,1,0,0,0,1,0,1,0,0,0,0,0,0,0,0,0,0,0,0,0,0,0,0,0,0,0,0,0,1,0,1,0,0,0,0,0,0,0,0,0,0,0,0,0,0,0,0,0,0,0,0,0,0,0,0,9,9,9,9,9,9
34006000,340,2016,Albanians,Serbia,1,1,0.008,7,POWERLESS,0,NA,2,0,0,0,0,0,1,0,0,1,1,7,8,8,0.92600006,0.008639309,0.838,0.90496755,0.088,0.095032394,0.004,0.0043196543,0.009456265,0.009456265,0,0,0,0,0,0,0,0,0,0,0,0,0,0,0,0,0,0,1,0,1,0,0,0,1,0,1,0,0,0,0,0,0,0,0,0,0,0,0,0,0,0,0,0,0,0,0,0,1,0,1,0,0,0,0,0,0,0,0,0,0,0,0,0,0,0,0,0,0,0,0,0,0,0,0,10,10,10,10,10,10
34006000,340,2017,Albanians,Serbia,1,1,0.008,7,POWERLESS,0,NA,2,0,0,0,0,0,1,0,0,1,1,7,8,8,0.92600006,0.008639309,0.838,0.90496755,0.088,0.095032394,0.004,0.0043196543,0.009456265,0.009456265,0,0,0,0,0,0,0,0,0,0,0,0,0,0,0,0,0,0,1,0,1,0,0,0,1,0,1,0,0,0,0,0,0,0,0,0,0,0,0,0,0,0,0,0,0,0,0,0,1,0,1,0,0,0,0,0,0,0,0,0,0,0,0,0,0,0,0,0,0,0,0,0,0,0,0,11,11,11,11,11,11
34006000,340,2018,Albanians,Serbia,1,1,0.008,7,POWERLESS,0,NA,2,0,0,0,0,0,1,0,0,1,1,7,8,8,0.92600006,0.008639309,0.838,0.90496755,0.088,0.095032394,0.004,0.0043196543,0.009456265,0.009456265,0,0,0,0,0,0,0,0,0,0,0,0,0,0,0,0,0,0,1,0,1,0,0,0,1,0,1,0,0,0,0,0,0,0,0,0,0,0,0,0,0,0,0,0,0,0,0,0,1,0,1,0,0,0,0,0,0,0,0,0,0,0,0,0,0,0,0,0,0,0,0,0,0,0,0,12,12,12,12,12,12
34006000,340,2019,Albanians,Serbia,1,1,0.008,7,POWERLESS,0,NA,2,0,0,0,0,0,1,0,0,1,1,7,8,8,0.92600006,0.008639309,0.838,0.90496755,0.088,0.095032394,0.004,0.0043196543,0.009456265,0.009456265,0,0,0,0,0,0,0,0,0,0,0,0,0,0,0,0,0,0,0,0,0,0,0,0,1,0,1,0,0,0,0,0,0,0,0,0,0,0,0,0,0,0,0,0,0,0,0,0,0,0,0,0,0,0,0,0,0,0,0,0,0,0,0,0,0,0,0,0,0,0,0,0,0,0,0,13,13,13,13,13,13
34006000,340,2020,Albanians,Serbia,1,1,0.008,7,POWERLESS,0,NA,2,0,0,0,0,0,1,0,0,1,1,7,8,8,0.92600006,0.008639309,0.838,0.90496755,0.088,0.095032394,0.004,0.0043196543,0.009456265,0.009456265,0,0,0,0,0,0,0,0,0,0,0,0,0,0,0,0,0,0,0,0,0,0,0,0,1,0,1,0,0,0,0,0,0,0,0,0,0,0,0,0,0,0,0,0,0,0,0,0,0,0,0,0,0,0,0,0,0,0,0,0,0,0,0,0,0,0,0,0,0,0,0,0,0,0,0,14,14,14,14,14,14
34009000,340,2006,Montenegrins,Serbia,1,1,0.007,7,POWERLESS,0,NA,2,0,0,0,0,0,1,0,0,1,1,7,8,8,0.94690007,0.007392544,0.66,0.6970113,0.28689998,0.30298865,0.014,0.014785088,0.010494752,0.010494753,0,0,0,0,0,0,0,0,0,0,0,0,0,0,0,0,0,0,0,0,0,0,0,0,0,0,0,0,0,0,0,0,0,0,0,0,0,0,0,0,0,0,0,0,0,0,0,0,0,0,0,0,0,0,0,0,0,0,0,0,0,0,0,0,0,0,0,0,0,0,0,0,0,0,0,0,0,0,0,0,0
34009000,340,2007,Montenegrins,Serbia,1,1,0.007,7,POWERLESS,0,NA,2,0,0,0,0,0,1,0,0,1,1,7,8,8,0.94690007,0.007392544,0.66,0.6970113,0.28689998,0.30298865,0.014,0.014785088,0.010494752,0.010494753,0,0,0,0,0,0,0,0,0,0,0,0,0,0,0,0,0,0,0,0,0,0,0,0,0,0,0,0,0,0,0,0,0,0,0,0,0,0,0,0,0,0,0,0,0,0,0,0,0,0,0,0,0,0,0,0,0,0,0,0,0,0,0,0,0,0,0,0,0,0,0,0,0,0,0,1,1,1,1,1,1
34009000,340,2008,Montenegrins,Serbia,1,1,0.007,7,POWERLESS,0,NA,2,0,0,0,0,0,1,0,0,1,1,7,8,8,0.94690007,0.007392544,0.66,0.6970113,0.28689998,0.30298865,0.014,0.014785088,0.010494752,0.010494753,0,0,0,0,0,0,0,0,0,0,0,0,0,0,0,0,0,0,0,0,0,0,0,0,0,0,0,0,0,0,0,0,0,0,0,0,0,0,0,0,0,0,0,0,0,0,0,0,0,0,0,0,0,0,0,0,0,0,0,0,0,0,0,0,0,0,0,0,0,0,0,0,0,0,0,2,2,2,2,2,2
34009000,340,2009,Montenegrins,Serbia,1,1,0.005,7,POWERLESS,0,NA,2,0,0,0,0,0,1,0,0,1,1,7,8,8,0.92600006,0.0053995675,0.838,0.90496755,0.088,0.095032394,0.004,0.0043196543,0.005931198,0.0059311977,0,0,0,0,0,0,0,0,0,0,0,0,0,0,0,0,0,0,0,0,0,0,0,0,0,0,0,0,0,0,0,0,0,0,0,0,0,0,0,0,0,0,0,0,0,0,0,0,0,0,0,0,0,0,0,0,0,0,0,0,0,0,0,0,0,0,0,0,0,0,0,0,0,0,0,3,3,3,3,3,3
34009000,340,2010,Montenegrins,Serbia,1,1,0.005,7,POWERLESS,0,NA,2,0,0,0,0,0,1,0,0,1,1,7,8,8,0.92600006,0.0053995675,0.838,0.90496755,0.088,0.095032394,0.004,0.0043196543,0.005931198,0.0059311977,0,0,0,0,0,0,0,0,0,0,0,0,0,0,0,0,0,0,0,0,0,0,0,0,0,0,0,0,0,0,0,0,0,0,0,0,0,0,0,0,0,0,0,0,0,0,0,0,0,0,0,0,0,0,0,0,0,0,0,0,0,0,0,0,0,0,0,0,0,0,0,0,0,0,0,4,4,4,4,4,4
34009000,340,2011,Montenegrins,Serbia,1,1,0.005,7,POWERLESS,0,NA,2,0,0,0,0,0,1,0,0,1,1,7,8,8,0.92600006,0.0053995675,0.838,0.90496755,0.088,0.095032394,0.004,0.0043196543,0.005931198,0.0059311977,0,0,0,0,0,0,0,0,0,0,0,0,0,0,0,0,0,0,0,0,0,0,0,0,0,0,0,0,0,0,0,0,0,0,0,0,0,0,0,0,0,0,0,0,0,0,0,0,0,0,0,0,0,0,0,0,0,0,0,0,0,0,0,0,0,0,0,0,0,0,0,0,0,0,0,5,5,5,5,5,5
34009000,340,2012,Montenegrins,Serbia,1,1,0.005,7,POWERLESS,0,NA,2,0,0,0,0,0,1,0,0,1,1,7,8,8,0.92600006,0.0053995675,0.838,0.90496755,0.088,0.095032394,0.004,0.0043196543,0.005931198,0.0059311977,0,0,0,0,0,0,0,0,0,0,0,0,0,0,0,0,0,0,0,0,0,0,0,0,0,0,0,0,0,0,0,0,0,0,0,0,0,0,0,0,0,0,0,0,0,0,0,0,0,0,0,0,0,0,0,0,0,0,0,0,0,0,0,0,0,0,0,0,0,0,0,0,0,0,0,6,6,6,6,6,6
34009000,340,2013,Montenegrins,Serbia,1,1,0.005,7,POWERLESS,0,NA,2,0,0,0,0,0,1,0,0,1,1,7,8,8,0.92600006,0.0053995675,0.838,0.90496755,0.088,0.095032394,0.004,0.0043196543,0.005931198,0.0059311977,0,0,0,0,0,0,0,0,0,0,0,0,0,0,0,0,0,0,0,0,0,0,0,0,0,0,0,0,0,0,0,0,0,0,0,0,0,0,0,0,0,0,0,0,0,0,0,0,0,0,0,0,0,0,0,0,0,0,0,0,0,0,0,0,0,0,0,0,0,0,0,0,0,0,0,7,7,7,7,7,7
34009000,340,2014,Montenegrins,Serbia,1,1,0.005,7,POWERLESS,0,NA,2,0,0,0,0,0,1,0,0,1,1,7,8,8,0.92600006,0.0053995675,0.838,0.90496755,0.088,0.095032394,0.004,0.0043196543,0.005931198,0.0059311977,0,0,0,0,0,0,0,0,0,0,0,0,0,0,0,0,0,0,0,0,0,0,0,0,0,0,0,0,0,0,0,0,0,0,0,0,0,0,0,0,0,0,0,0,0,0,0,0,0,0,0,0,0,0,0,0,0,0,0,0,0,0,0,0,0,0,0,0,0,0,0,0,0,0,0,8,8,8,8,8,8
34009000,340,2015,Montenegrins,Serbia,1,1,0.005,7,POWERLESS,0,NA,2,0,0,0,0,0,1,0,0,1,1,7,8,8,0.92600006,0.0053995675,0.838,0.90496755,0.088,0.095032394,0.004,0.0043196543,0.005931198,0.0059311977,0,0,0,0,0,0,0,0,0,0,0,0,0,0,0,0,0,0,0,0,0,0,0,0,0,0,0,0,0,0,0,0,0,0,0,0,0,0,0,0,0,0,0,0,0,0,0,0,0,0,0,0,0,0,0,0,0,0,0,0,0,0,0,0,0,0,0,0,0,0,0,0,0,0,0,9,9,9,9,9,9
34009000,340,2016,Montenegrins,Serbia,1,1,0.005,7,POWERLESS,0,NA,2,0,0,0,0,0,1,0,0,1,1,7,8,8,0.92600006,0.0053995675,0.838,0.90496755,0.088,0.095032394,0.004,0.0043196543,0.005931198,0.0059311977,0,0,0,0,0,0,0,0,0,0,0,0,0,0,0,0,0,0,0,0,0,0,0,0,0,0,0,0,0,0,0,0,0,0,0,0,0,0,0,0,0,0,0,0,0,0,0,0,0,0,0,0,0,0,0,0,0,0,0,0,0,0,0,0,0,0,0,0,0,0,0,0,0,0,0,10,10,10,10,10,10
34009000,340,2017,Montenegrins,Serbia,1,1,0.005,7,POWERLESS,0,NA,2,0,0,0,0,0,1,0,0,1,1,7,8,8,0.92600006,0.0053995675,0.838,0.90496755,0.088,0.095032394,0.004,0.0043196543,0.005931198,0.0059311977,0,0,0,0,0,0,0,0,0,0,0,0,0,0,0,0,0,0,0,0,0,0,0,0,0,0,0,0,0,0,0,0,0,0,0,0,0,0,0,0,0,0,0,0,0,0,0,0,0,0,0,0,0,0,0,0,0,0,0,0,0,0,0,0,0,0,0,0,0,0,0,0,0,0,0,11,11,11,11,11,11
34009000,340,2018,Montenegrins,Serbia,1,1,0.005,7,POWERLESS,0,NA,2,0,0,0,0,0,1,0,0,1,1,7,8,8,0.92600006,0.0053995675,0.838,0.90496755,0.088,0.095032394,0.004,0.0043196543,0.005931198,0.0059311977,0,0,0,0,0,0,0,0,0,0,0,0,0,0,0,0,0,0,0,0,0,0,0,0,0,0,0,0,0,0,0,0,0,0,0,0,0,0,0,0,0,0,0,0,0,0,0,0,0,0,0,0,0,0,0,0,0,0,0,0,0,0,0,0,0,0,0,0,0,0,0,0,0,0,0,12,12,12,12,12,12
34009000,340,2019,Montenegrins,Serbia,1,1,0.005,7,POWERLESS,0,NA,2,0,0,0,0,0,1,0,0,1,1,7,8,8,0.92600006,0.0053995675,0.838,0.90496755,0.088,0.095032394,0.004,0.0043196543,0.005931198,0.0059311977,0,0,0,0,0,0,0,0,0,0,0,0,0,0,0,0,0,0,0,0,0,0,0,0,0,0,0,0,0,0,0,0,0,0,0,0,0,0,0,0,0,0,0,0,0,0,0,0,0,0,0,0,0,0,0,0,0,0,0,0,0,0,0,0,0,0,0,0,0,0,0,0,0,0,0,13,13,13,13,13,13
34009000,340,2020,Montenegrins,Serbia,1,1,0.005,7,POWERLESS,0,NA,2,0,0,0,0,0,1,0,0,1,1,7,8,8,0.92600006,0.0053995675,0.838,0.90496755,0.088,0.095032394,0.004,0.0043196543,0.005931198,0.0059311977,0,0,0,0,0,0,0,0,0,0,0,0,0,0,0,0,0,0,0,0,0,0,0,0,0,0,0,0,0,0,0,0,0,0,0,0,0,0,0,0,0,0,0,0,0,0,0,0,0,0,0,0,0,0,0,0,0,0,0,0,0,0,0,0,0,0,0,0,0,0,0,0,0,0,0,14,14,14,14,14,14
34011000,340,2006,Hungarians,Serbia,1,1,0.031,7,POWERLESS,1,4502,2,0,0,0,0,0,1,0,0,1,1,7,8,8,0.94690007,0.032738406,0.66,0.6970113,0.28689998,0.30298865,0.014,0.014785088,0.044862516,0.044862516,0,0,0,0,0,0,0,0,0,0,0,0,0,0,0,0,0,0,0,0,0,0,0,0,0,0,0,0,0,0,0,0,0,0,0,0,0,0,0,0,0,0,0,0,0,0,0,0,0,0,0,0,0,0,0,0,0,0,0,0,0,0,0,0,0,0,0,0,0,0,0,0,0,0,0,0,0,0,0,0,0
34011000,340,2007,Hungarians,Serbia,1,1,0.031,7,POWERLESS,1,4502,2,0,0,0,0,0,1,0,0,1,1,7,8,8,0.94690007,0.032738406,0.66,0.6970113,0.28689998,0.30298865,0.014,0.014785088,0.044862516,0.044862516,0,0,0,0,0,0,0,0,0,0,0,0,0,0,0,0,0,0,0,0,0,0,0,0,0,0,0,0,0,0,0,0,0,0,0,0,0,0,0,0,0,0,0,0,0,0,0,0,0,0,0,0,0,0,0,0,0,0,0,0,0,0,0,0,0,0,0,0,0,0,0,0,0,0,0,1,1,1,1,1,1
34011000,340,2008,Hungarians,Serbia,1,1,0.031,7,POWERLESS,1,4502,2,0,0,0,0,0,1,0,0,1,1,7,8,8,0.94690007,0.032738406,0.66,0.6970113,0.28689998,0.30298865,0.014,0.014785088,0.044862516,0.044862516,0,0,0,0,0,0,0,0,0,0,0,0,0,0,0,0,0,0,0,0,0,0,0,0,0,0,0,0,0,0,0,0,0,0,0,0,0,0,0,0,0,0,0,0,0,0,0,0,0,0,0,0,0,0,0,0,0,0,0,0,0,0,0,0,0,0,0,0,0,0,0,0,0,0,0,2,2,2,2,2,2
34011000,340,2009,Hungarians,Serbia,1,1,0.035,7,POWERLESS,1,4502,2,0,0,0,0,0,1,0,0,1,1,7,8,8,0.92600006,0.037796974,0.838,0.90496755,0.088,0.095032394,0.004,0.0043196543,0.040091638,0.040091638,0,0,0,0,0,0,0,0,0,0,0,0,0,0,0,0,0,0,0,0,0,0,0,0,0,0,0,0,0,0,0,0,0,0,0,0,0,0,0,0,0,0,0,0,0,0,0,0,0,0,0,0,0,0,0,0,0,0,0,0,0,0,0,0,0,0,0,0,0,0,0,0,0,0,0,3,3,3,3,3,3
34011000,340,2010,Hungarians,Serbia,1,1,0.035,7,POWERLESS,1,4502,2,0,0,0,0,0,1,0,0,1,1,7,8,8,0.92600006,0.037796974,0.838,0.90496755,0.088,0.095032394,0.004,0.0043196543,0.040091638,0.040091638,0,0,0,0,0,0,0,0,0,0,0,0,0,0,0,0,0,0,0,0,0,0,0,0,0,0,0,0,0,0,0,0,0,0,0,0,0,0,0,0,0,0,0,0,0,0,0,0,0,0,0,0,0,0,0,0,0,0,0,0,0,0,0,0,0,0,0,0,0,0,0,0,0,0,0,4,4,4,4,4,4
34011000,340,2011,Hungarians,Serbia,1,1,0.035,7,POWERLESS,1,4502,2,0,0,0,0,0,1,0,0,1,1,7,8,8,0.92600006,0.037796974,0.838,0.90496755,0.088,0.095032394,0.004,0.0043196543,0.040091638,0.040091638,0,0,0,0,0,0,0,0,0,0,0,0,0,0,0,0,0,0,0,0,0,0,0,0,0,0,0,0,0,0,0,0,0,0,0,0,0,0,0,0,0,0,0,0,0,0,0,0,0,0,0,0,0,0,0,0,0,0,0,0,0,0,0,0,0,0,0,0,0,0,0,0,0,0,0,5,5,5,5,5,5
34011000,340,2012,Hungarians,Serbia,1,1,0.035,7,POWERLESS,1,4502,2,0,0,0,0,0,1,0,0,1,1,7,8,8,0.92600006,0.037796974,0.838,0.90496755,0.088,0.095032394,0.004,0.0043196543,0.040091638,0.040091638,0,0,0,0,0,0,0,0,0,0,0,0,0,0,0,0,0,0,0,0,0,0,0,0,0,0,0,0,0,0,0,0,0,0,0,0,0,0,0,0,0,0,0,0,0,0,0,0,0,0,0,0,0,0,0,0,0,0,0,0,0,0,0,0,0,0,0,0,0,0,0,0,0,0,0,6,6,6,6,6,6
34011000,340,2013,Hungarians,Serbia,1,1,0.035,7,POWERLESS,1,4502,2,0,0,0,0,0,1,0,0,1,1,7,8,8,0.92600006,0.037796974,0.838,0.90496755,0.088,0.095032394,0.004,0.0043196543,0.040091638,0.040091638,0,0,0,0,0,0,0,0,0,0,0,0,0,0,0,0,0,0,0,0,0,0,0,0,0,0,0,0,0,0,0,0,0,0,0,0,0,0,0,0,0,0,0,0,0,0,0,0,0,0,0,0,0,0,0,0,0,0,0,0,0,0,0,0,0,0,0,0,0,0,0,0,0,0,0,7,7,7,7,7,7
34011000,340,2014,Hungarians,Serbia,1,1,0.035,7,POWERLESS,1,4502,2,0,0,0,0,0,1,0,0,1,1,7,8,8,0.92600006,0.037796974,0.838,0.90496755,0.088,0.095032394,0.004,0.0043196543,0.040091638,0.040091638,0,0,0,0,0,0,0,0,0,0,0,0,0,0,0,0,0,0,0,0,0,0,0,0,0,0,0,0,0,0,0,0,0,0,0,0,0,0,0,0,0,0,0,0,0,0,0,0,0,0,0,0,0,0,0,0,0,0,0,0,0,0,0,0,0,0,0,0,0,0,0,0,0,0,0,8,8,8,8,8,8
34011000,340,2015,Hungarians,Serbia,1,1,0.035,7,POWERLESS,1,4502,2,0,0,0,0,0,1,0,0,1,1,7,8,8,0.92600006,0.037796974,0.838,0.90496755,0.088,0.095032394,0.004,0.0043196543,0.040091638,0.040091638,0,0,0,0,0,0,0,0,0,0,0,0,0,0,0,0,0,0,0,0,0,0,0,0,0,0,0,0,0,0,0,0,0,0,0,0,0,0,0,0,0,0,0,0,0,0,0,0,0,0,0,0,0,0,0,0,0,0,0,0,0,0,0,0,0,0,0,0,0,0,0,0,0,0,0,9,9,9,9,9,9
34011000,340,2016,Hungarians,Serbia,1,1,0.035,7,POWERLESS,1,4502,2,0,0,0,0,0,1,0,0,1,1,7,8,8,0.92600006,0.037796974,0.838,0.90496755,0.088,0.095032394,0.004,0.0043196543,0.040091638,0.040091638,0,0,0,0,0,0,0,0,0,0,0,0,0,0,0,0,0,0,0,0,0,0,0,0,0,0,0,0,0,0,0,0,0,0,0,0,0,0,0,0,0,0,0,0,0,0,0,0,0,0,0,0,0,0,0,0,0,0,0,0,0,0,0,0,0,0,0,0,0,0,0,0,0,0,0,10,10,10,10,10,10
34011000,340,2017,Hungarians,Serbia,1,1,0.035,7,POWERLESS,1,4502,2,0,0,0,0,0,1,0,0,1,1,7,8,8,0.92600006,0.037796974,0.838,0.90496755,0.088,0.095032394,0.004,0.0043196543,0.040091638,0.040091638,0,0,0,0,0,0,0,0,0,0,0,0,0,0,0,0,0,0,0,0,0,0,0,0,0,0,0,0,0,0,0,0,0,0,0,0,0,0,0,0,0,0,0,0,0,0,0,0,0,0,0,0,0,0,0,0,0,0,0,0,0,0,0,0,0,0,0,0,0,0,0,0,0,0,0,11,11,11,11,11,11
34011000,340,2018,Hungarians,Serbia,1,1,0.035,7,POWERLESS,1,4502,2,0,0,0,0,0,1,0,0,1,1,7,8,8,0.92600006,0.037796974,0.838,0.90496755,0.088,0.095032394,0.004,0.0043196543,0.040091638,0.040091638,0,0,0,0,0,0,0,0,0,0,0,0,0,0,0,0,0,0,0,0,0,0,0,0,0,0,0,0,0,0,0,0,0,0,0,0,0,0,0,0,0,0,0,0,0,0,0,0,0,0,0,0,0,0,0,0,0,0,0,0,0,0,0,0,0,0,0,0,0,0,0,0,0,0,0,12,12,12,12,12,12
34011000,340,2019,Hungarians,Serbia,1,1,0.035,7,POWERLESS,1,4502,2,0,0,0,0,0,1,0,0,1,1,7,8,8,0.92600006,0.037796974,0.838,0.90496755,0.088,0.095032394,0.004,0.0043196543,0.040091638,0.040091638,0,0,0,0,0,0,0,0,0,0,0,0,0,0,0,0,0,0,0,0,0,0,0,0,0,0,0,0,0,0,0,0,0,0,0,0,0,0,0,0,0,0,0,0,0,0,0,0,0,0,0,0,0,0,0,0,0,0,0,0,0,0,0,0,0,0,0,0,0,0,0,0,0,0,0,13,13,13,13,13,13
34011000,340,2020,Hungarians,Serbia,1,1,0.035,7,POWERLESS,1,4502,2,0,0,0,0,0,1,0,0,1,1,7,8,8,0.92600006,0.037796974,0.838,0.90496755,0.088,0.095032394,0.004,0.0043196543,0.040091638,0.040091638,0,0,0,0,0,0,0,0,0,0,0,0,0,0,0,0,0,0,0,0,0,0,0,0,0,0,0,0,0,0,0,0,0,0,0,0,0,0,0,0,0,0,0,0,0,0,0,0,0,0,0,0,0,0,0,0,0,0,0,0,0,0,0,0,0,0,0,0,0,0,0,0,0,0,0,14,14,14,14,14,14
34012000,340,2006,Roma,Serbia,1,1,0.014,8,DISCRIMINATED,0,NA,1,0,0,0,0,0,0,1,0,1,1,7,8,8,0.94690007,0.014785088,0.66,0.6970113,0.28689998,0.30298865,0.014,0.014785088,0.020771513,0.020771513,0,0,0,0,0,0,0,0,0,0,0,0,0,0,0,0,0,0,0,0,0,0,0,0,0,0,0,0,0,0,0,0,0,0,0,0,0,0,0,0,0,0,0,0,0,0,0,0,0,0,0,0,0,0,0,0,0,0,0,0,0,0,0,0,0,0,0,0,0,0,0,0,0,0,0,0,0,0,0,0,0
34012000,340,2007,Roma,Serbia,1,1,0.014,8,DISCRIMINATED,0,NA,1,0,0,0,0,0,0,1,0,1,1,7,8,8,0.94690007,0.014785088,0.66,0.6970113,0.28689998,0.30298865,0.014,0.014785088,0.020771513,0.020771513,0,0,0,0,0,0,0,0,0,0,0,0,0,0,0,0,0,0,0,0,0,0,0,0,0,0,0,0,0,0,0,0,0,0,0,0,0,0,0,0,0,0,0,0,0,0,0,0,0,0,0,0,0,0,0,0,0,0,0,0,0,0,0,0,0,0,0,0,0,0,0,0,0,0,0,1,1,1,1,1,1
34012000,340,2008,Roma,Serbia,1,1,0.014,8,DISCRIMINATED,0,NA,1,0,0,0,0,0,0,1,0,1,1,7,8,8,0.94690007,0.014785088,0.66,0.6970113,0.28689998,0.30298865,0.014,0.014785088,0.020771513,0.020771513,0,0,0,0,0,0,0,0,0,0,0,0,0,0,0,0,0,0,0,0,0,0,0,0,0,0,0,0,0,0,0,0,0,0,0,0,0,0,0,0,0,0,0,0,0,0,0,0,0,0,0,0,0,0,0,0,0,0,0,0,0,0,0,0,0,0,0,0,0,0,0,0,0,0,0,2,2,2,2,2,2
34012000,340,2009,Roma,Serbia,1,1,0.004,8,DISCRIMINATED,0,NA,1,0,0,0,0,0,0,1,0,1,1,7,8,8,0.92600006,0.0043196543,0.838,0.90496755,0.088,0.095032394,0.004,0.0043196543,0.004750594,0.004750594,0,0,0,0,0,0,0,0,0,0,0,0,0,0,0,0,0,0,0,0,0,0,0,0,0,0,0,0,0,0,0,0,0,0,0,0,0,0,0,0,0,0,0,0,0,0,0,0,0,0,0,0,0,0,0,0,0,0,0,0,0,0,0,0,0,0,0,0,0,0,0,0,0,0,0,3,3,3,3,3,3
34012000,340,2010,Roma,Serbia,1,1,0.004,8,DISCRIMINATED,0,NA,1,0,0,0,0,0,0,1,0,1,1,7,8,8,0.92600006,0.0043196543,0.838,0.90496755,0.088,0.095032394,0.004,0.0043196543,0.004750594,0.004750594,0,0,0,0,0,0,0,0,0,0,0,0,0,0,0,0,0,0,0,0,0,0,0,0,0,0,0,0,0,0,0,0,0,0,0,0,0,0,0,0,0,0,0,0,0,0,0,0,0,0,0,0,0,0,0,0,0,0,0,0,0,0,0,0,0,0,0,0,0,0,0,0,0,0,0,4,4,4,4,4,4
34012000,340,2011,Roma,Serbia,1,1,0.004,8,DISCRIMINATED,0,NA,1,0,0,0,0,0,0,1,0,1,1,7,8,8,0.92600006,0.0043196543,0.838,0.90496755,0.088,0.095032394,0.004,0.0043196543,0.004750594,0.004750594,0,0,0,0,0,0,0,0,0,0,0,0,0,0,0,0,0,0,0,0,0,0,0,0,0,0,0,0,0,0,0,0,0,0,0,0,0,0,0,0,0,0,0,0,0,0,0,0,0,0,0,0,0,0,0,0,0,0,0,0,0,0,0,0,0,0,0,0,0,0,0,0,0,0,0,5,5,5,5,5,5
34012000,340,2012,Roma,Serbia,1,1,0.004,8,DISCRIMINATED,0,NA,1,0,0,0,0,0,0,1,0,1,1,7,8,8,0.92600006,0.0043196543,0.838,0.90496755,0.088,0.095032394,0.004,0.0043196543,0.004750594,0.004750594,0,0,0,0,0,0,0,0,0,0,0,0,0,0,0,0,0,0,0,0,0,0,0,0,0,0,0,0,0,0,0,0,0,0,0,0,0,0,0,0,0,0,0,0,0,0,0,0,0,0,0,0,0,0,0,0,0,0,0,0,0,0,0,0,0,0,0,0,0,0,0,0,0,0,0,6,6,6,6,6,6
34012000,340,2013,Roma,Serbia,1,1,0.004,8,DISCRIMINATED,0,NA,1,0,0,0,0,0,0,1,0,1,1,7,8,8,0.92600006,0.0043196543,0.838,0.90496755,0.088,0.095032394,0.004,0.0043196543,0.004750594,0.004750594,0,0,0,0,0,0,0,0,0,0,0,0,0,0,0,0,0,0,0,0,0,0,0,0,0,0,0,0,0,0,0,0,0,0,0,0,0,0,0,0,0,0,0,0,0,0,0,0,0,0,0,0,0,0,0,0,0,0,0,0,0,0,0,0,0,0,0,0,0,0,0,0,0,0,0,7,7,7,7,7,7
34012000,340,2014,Roma,Serbia,1,1,0.004,8,DISCRIMINATED,0,NA,1,0,0,0,0,0,0,1,0,1,1,7,8,8,0.92600006,0.0043196543,0.838,0.90496755,0.088,0.095032394,0.004,0.0043196543,0.004750594,0.004750594,0,0,0,0,0,0,0,0,0,0,0,0,0,0,0,0,0,0,0,0,0,0,0,0,0,0,0,0,0,0,0,0,0,0,0,0,0,0,0,0,0,0,0,0,0,0,0,0,0,0,0,0,0,0,0,0,0,0,0,0,0,0,0,0,0,0,0,0,0,0,0,0,0,0,0,8,8,8,8,8,8
34012000,340,2015,Roma,Serbia,1,1,0.004,8,DISCRIMINATED,0,NA,1,0,0,0,0,0,0,1,0,1,1,7,8,8,0.92600006,0.0043196543,0.838,0.90496755,0.088,0.095032394,0.004,0.0043196543,0.004750594,0.004750594,0,0,0,0,0,0,0,0,0,0,0,0,0,0,0,0,0,0,0,0,0,0,0,0,0,0,0,0,0,0,0,0,0,0,0,0,0,0,0,0,0,0,0,0,0,0,0,0,0,0,0,0,0,0,0,0,0,0,0,0,0,0,0,0,0,0,0,0,0,0,0,0,0,0,0,9,9,9,9,9,9
34012000,340,2016,Roma,Serbia,1,1,0.004,8,DISCRIMINATED,0,NA,1,0,0,0,0,0,0,1,0,1,1,7,8,8,0.92600006,0.0043196543,0.838,0.90496755,0.088,0.095032394,0.004,0.0043196543,0.004750594,0.004750594,0,0,0,0,0,0,0,0,0,0,0,0,0,0,0,0,0,0,0,0,0,0,0,0,0,0,0,0,0,0,0,0,0,0,0,0,0,0,0,0,0,0,0,0,0,0,0,0,0,0,0,0,0,0,0,0,0,0,0,0,0,0,0,0,0,0,0,0,0,0,0,0,0,0,0,10,10,10,10,10,10
34012000,340,2017,Roma,Serbia,1,1,0.004,8,DISCRIMINATED,0,NA,1,0,0,0,0,0,0,1,0,1,1,7,8,8,0.92600006,0.0043196543,0.838,0.90496755,0.088,0.095032394,0.004,0.0043196543,0.004750594,0.004750594,0,0,0,0,0,0,0,0,0,0,0,0,0,0,0,0,0,0,0,0,0,0,0,0,0,0,0,0,0,0,0,0,0,0,0,0,0,0,0,0,0,0,0,0,0,0,0,0,0,0,0,0,0,0,0,0,0,0,0,0,0,0,0,0,0,0,0,0,0,0,0,0,0,0,0,11,11,11,11,11,11
34012000,340,2018,Roma,Serbia,1,1,0.004,8,DISCRIMINATED,0,NA,1,0,0,0,0,0,0,1,0,1,1,7,8,8,0.92600006,0.0043196543,0.838,0.90496755,0.088,0.095032394,0.004,0.0043196543,0.004750594,0.004750594,0,0,0,0,0,0,0,0,0,0,0,0,0,0,0,0,0,0,0,0,0,0,0,0,0,0,0,0,0,0,0,0,0,0,0,0,0,0,0,0,0,0,0,0,0,0,0,0,0,0,0,0,0,0,0,0,0,0,0,0,0,0,0,0,0,0,0,0,0,0,0,0,0,0,0,12,12,12,12,12,12
34012000,340,2019,Roma,Serbia,1,1,0.004,8,DISCRIMINATED,0,NA,1,0,0,0,0,0,0,1,0,1,1,7,8,8,0.92600006,0.0043196543,0.838,0.90496755,0.088,0.095032394,0.004,0.0043196543,0.004750594,0.004750594,0,0,0,0,0,0,0,0,0,0,0,0,0,0,0,0,0,0,0,0,0,0,0,0,0,0,0,0,0,0,0,0,0,0,0,0,0,0,0,0,0,0,0,0,0,0,0,0,0,0,0,0,0,0,0,0,0,0,0,0,0,0,0,0,0,0,0,0,0,0,0,0,0,0,0,13,13,13,13,13,13
34012000,340,2020,Roma,Serbia,1,1,0.004,8,DISCRIMINATED,0,NA,1,0,0,0,0,0,0,1,0,1,1,7,8,8,0.92600006,0.0043196543,0.838,0.90496755,0.088,0.095032394,0.004,0.0043196543,0.004750594,0.004750594,0,0,0,0,0,0,0,0,0,0,0,0,0,0,0,0,0,0,0,0,0,0,0,0,0,0,0,0,0,0,0,0,0,0,0,0,0,0,0,0,0,0,0,0,0,0,0,0,0,0,0,0,0,0,0,0,0,0,0,0,0,0,0,0,0,0,0,0,0,0,0,0,0,0,0,14,14,14,14,14,14
34013000,340,2006,Vlachs,Serbia,1,1,0.0039,7,POWERLESS,0,NA,2,0,0,0,0,0,1,0,0,1,1,7,8,8,0.94690007,0.004118703,0.66,0.6970113,0.28689998,0.30298865,0.014,0.014785088,0.005874378,0.0058743786,0,0,0,0,0,0,0,0,0,0,0,0,0,0,0,0,0,0,0,0,0,0,0,0,0,0,0,0,0,0,0,0,0,0,0,0,0,0,0,0,0,0,0,0,0,0,0,0,0,0,0,0,0,0,0,0,0,0,0,0,0,0,0,0,0,0,0,0,0,0,0,0,0,0,0,0,0,0,0,0,0
34013000,340,2007,Vlachs,Serbia,1,1,0.0039,7,POWERLESS,0,NA,2,0,0,0,0,0,1,0,0,1,1,7,8,8,0.94690007,0.004118703,0.66,0.6970113,0.28689998,0.30298865,0.014,0.014785088,0.005874378,0.0058743786,0,0,0,0,0,0,0,0,0,0,0,0,0,0,0,0,0,0,0,0,0,0,0,0,0,0,0,0,0,0,0,0,0,0,0,0,0,0,0,0,0,0,0,0,0,0,0,0,0,0,0,0,0,0,0,0,0,0,0,0,0,0,0,0,0,0,0,0,0,0,0,0,0,0,0,1,1,1,1,1,1
34013000,340,2008,Vlachs,Serbia,1,1,0.0039,7,POWERLESS,0,NA,2,0,0,0,0,0,1,0,0,1,1,7,8,8,0.94690007,0.004118703,0.66,0.6970113,0.28689998,0.30298865,0.014,0.014785088,0.005874378,0.0058743786,0,0,0,0,0,0,0,0,0,0,0,0,0,0,0,0,0,0,0,0,0,0,0,0,0,0,0,0,0,0,0,0,0,0,0,0,0,0,0,0,0,0,0,0,0,0,0,0,0,0,0,0,0,0,0,0,0,0,0,0,0,0,0,0,0,0,0,0,0,0,0,0,0,0,0,2,2,2,2,2,2
34013000,340,2009,Vlachs,Serbia,1,1,0.005,7,POWERLESS,0,NA,2,0,0,0,0,0,1,0,0,1,1,7,8,8,0.92600006,0.0053995675,0.838,0.90496755,0.088,0.095032394,0.004,0.0043196543,0.005931198,0.0059311977,0,0,0,0,0,0,0,0,0,0,0,0,0,0,0,0,0,0,0,0,0,0,0,0,0,0,0,0,0,0,0,0,0,0,0,0,0,0,0,0,0,0,0,0,0,0,0,0,0,0,0,0,0,0,0,0,0,0,0,0,0,0,0,0,0,0,0,0,0,0,0,0,0,0,0,3,3,3,3,3,3
34013000,340,2010,Vlachs,Serbia,1,1,0.005,7,POWERLESS,0,NA,2,0,0,0,0,0,1,0,0,1,1,7,8,8,0.92600006,0.0053995675,0.838,0.90496755,0.088,0.095032394,0.004,0.0043196543,0.005931198,0.0059311977,0,0,0,0,0,0,0,0,0,0,0,0,0,0,0,0,0,0,0,0,0,0,0,0,0,0,0,0,0,0,0,0,0,0,0,0,0,0,0,0,0,0,0,0,0,0,0,0,0,0,0,0,0,0,0,0,0,0,0,0,0,0,0,0,0,0,0,0,0,0,0,0,0,0,0,4,4,4,4,4,4
34013000,340,2011,Vlachs,Serbia,1,1,0.005,7,POWERLESS,0,NA,2,0,0,0,0,0,1,0,0,1,1,7,8,8,0.92600006,0.0053995675,0.838,0.90496755,0.088,0.095032394,0.004,0.0043196543,0.005931198,0.0059311977,0,0,0,0,0,0,0,0,0,0,0,0,0,0,0,0,0,0,0,0,0,0,0,0,0,0,0,0,0,0,0,0,0,0,0,0,0,0,0,0,0,0,0,0,0,0,0,0,0,0,0,0,0,0,0,0,0,0,0,0,0,0,0,0,0,0,0,0,0,0,0,0,0,0,0,5,5,5,5,5,5
34013000,340,2012,Vlachs,Serbia,1,1,0.005,7,POWERLESS,0,NA,2,0,0,0,0,0,1,0,0,1,1,7,8,8,0.92600006,0.0053995675,0.838,0.90496755,0.088,0.095032394,0.004,0.0043196543,0.005931198,0.0059311977,0,0,0,0,0,0,0,0,0,0,0,0,0,0,0,0,0,0,0,0,0,0,0,0,0,0,0,0,0,0,0,0,0,0,0,0,0,0,0,0,0,0,0,0,0,0,0,0,0,0,0,0,0,0,0,0,0,0,0,0,0,0,0,0,0,0,0,0,0,0,0,0,0,0,0,6,6,6,6,6,6
34013000,340,2013,Vlachs,Serbia,1,1,0.005,7,POWERLESS,0,NA,2,0,0,0,0,0,1,0,0,1,1,7,8,8,0.92600006,0.0053995675,0.838,0.90496755,0.088,0.095032394,0.004,0.0043196543,0.005931198,0.0059311977,0,0,0,0,0,0,0,0,0,0,0,0,0,0,0,0,0,0,0,0,0,0,0,0,0,0,0,0,0,0,0,0,0,0,0,0,0,0,0,0,0,0,0,0,0,0,0,0,0,0,0,0,0,0,0,0,0,0,0,0,0,0,0,0,0,0,0,0,0,0,0,0,0,0,0,7,7,7,7,7,7
34013000,340,2014,Vlachs,Serbia,1,1,0.005,7,POWERLESS,0,NA,2,0,0,0,0,0,1,0,0,1,1,7,8,8,0.92600006,0.0053995675,0.838,0.90496755,0.088,0.095032394,0.004,0.0043196543,0.005931198,0.0059311977,0,0,0,0,0,0,0,0,0,0,0,0,0,0,0,0,0,0,0,0,0,0,0,0,0,0,0,0,0,0,0,0,0,0,0,0,0,0,0,0,0,0,0,0,0,0,0,0,0,0,0,0,0,0,0,0,0,0,0,0,0,0,0,0,0,0,0,0,0,0,0,0,0,0,0,8,8,8,8,8,8
34013000,340,2015,Vlachs,Serbia,1,1,0.005,7,POWERLESS,0,NA,2,0,0,0,0,0,1,0,0,1,1,7,8,8,0.92600006,0.0053995675,0.838,0.90496755,0.088,0.095032394,0.004,0.0043196543,0.005931198,0.0059311977,0,0,0,0,0,0,0,0,0,0,0,0,0,0,0,0,0,0,0,0,0,0,0,0,0,0,0,0,0,0,0,0,0,0,0,0,0,0,0,0,0,0,0,0,0,0,0,0,0,0,0,0,0,0,0,0,0,0,0,0,0,0,0,0,0,0,0,0,0,0,0,0,0,0,0,9,9,9,9,9,9
34013000,340,2016,Vlachs,Serbia,1,1,0.005,7,POWERLESS,0,NA,2,0,0,0,0,0,1,0,0,1,1,7,8,8,0.92600006,0.0053995675,0.838,0.90496755,0.088,0.095032394,0.004,0.0043196543,0.005931198,0.0059311977,0,0,0,0,0,0,0,0,0,0,0,0,0,0,0,0,0,0,0,0,0,0,0,0,0,0,0,0,0,0,0,0,0,0,0,0,0,0,0,0,0,0,0,0,0,0,0,0,0,0,0,0,0,0,0,0,0,0,0,0,0,0,0,0,0,0,0,0,0,0,0,0,0,0,0,10,10,10,10,10,10
34013000,340,2017,Vlachs,Serbia,1,1,0.005,7,POWERLESS,0,NA,2,0,0,0,0,0,1,0,0,1,1,7,8,8,0.92600006,0.0053995675,0.838,0.90496755,0.088,0.095032394,0.004,0.0043196543,0.005931198,0.0059311977,0,0,0,0,0,0,0,0,0,0,0,0,0,0,0,0,0,0,0,0,0,0,0,0,0,0,0,0,0,0,0,0,0,0,0,0,0,0,0,0,0,0,0,0,0,0,0,0,0,0,0,0,0,0,0,0,0,0,0,0,0,0,0,0,0,0,0,0,0,0,0,0,0,0,0,11,11,11,11,11,11
34013000,340,2018,Vlachs,Serbia,1,1,0.005,7,POWERLESS,0,NA,2,0,0,0,0,0,1,0,0,1,1,7,8,8,0.92600006,0.0053995675,0.838,0.90496755,0.088,0.095032394,0.004,0.0043196543,0.005931198,0.0059311977,0,0,0,0,0,0,0,0,0,0,0,0,0,0,0,0,0,0,0,0,0,0,0,0,0,0,0,0,0,0,0,0,0,0,0,0,0,0,0,0,0,0,0,0,0,0,0,0,0,0,0,0,0,0,0,0,0,0,0,0,0,0,0,0,0,0,0,0,0,0,0,0,0,0,0,12,12,12,12,12,12
34013000,340,2019,Vlachs,Serbia,1,1,0.005,7,POWERLESS,0,NA,2,0,0,0,0,0,1,0,0,1,1,7,8,8,0.92600006,0.0053995675,0.838,0.90496755,0.088,0.095032394,0.004,0.0043196543,0.005931198,0.0059311977,0,0,0,0,0,0,0,0,0,0,0,0,0,0,0,0,0,0,0,0,0,0,0,0,0,0,0,0,0,0,0,0,0,0,0,0,0,0,0,0,0,0,0,0,0,0,0,0,0,0,0,0,0,0,0,0,0,0,0,0,0,0,0,0,0,0,0,0,0,0,0,0,0,0,0,13,13,13,13,13,13
34013000,340,2020,Vlachs,Serbia,1,1,0.005,7,POWERLESS,0,NA,2,0,0,0,0,0,1,0,0,1,1,7,8,8,0.92600006,0.0053995675,0.838,0.90496755,0.088,0.095032394,0.004,0.0043196543,0.005931198,0.0059311977,0,0,0,0,0,0,0,0,0,0,0,0,0,0,0,0,0,0,0,0,0,0,0,0,0,0,0,0,0,0,0,0,0,0,0,0,0,0,0,0,0,0,0,0,0,0,0,0,0,0,0,0,0,0,0,0,0,0,0,0,0,0,0,0,0,0,0,0,0,0,0,0,0,0,0,14,14,14,14,14,14